PRESSURE,TEMPERATURE,SALINITY,OXYGEN SAT
5.254,20.5058,33.7963,225.27631
5.299,20.5076,33.7963,225.26875
5.305,20.5071,33.7959,225.27124
5.35,20.5088,33.796,225.26436
5.405,20.5088,33.7961,225.26419
5.479,20.5083,33.7961,225.26612
5.488,20.5046,33.7964,225.28082
5.495,20.5078,33.7962,225.268
5.629,20.5118,33.7958,225.25254
